id,name,date,lat,lon,elev
210010,West Eifel Volcanic Field,8300 BCE,50.17,6.85,600
210020,Chaine des Puys,4040 BCE,45.786,2.981,1464
210030,Olot Volcanic Field,Unknown,42.17,2.53,893
210040,Calatrava Volcanic Field,3600 BCE,38.87,-4.02,1117
211004,Colli Albani,Unknown,41.7569,12.7251,949
211010,Campi Flegrei,1538 CE,40.827,14.139,458
211020,Vesuvius,1944 CE,40.821,14.426,1281
211030,Ischia,1302 CE,40.73,13.897,789
211031,Palinuro,8040 BCE,39.48,14.83,-70
211040,Stromboli,2024 CE,38.789,15.213,924
211041,Panarea,Unknown,38.638,15.064,399
211042,Lipari,1230 CE,38.49,14.933,590
211050,Vulcano,1890 CE,38.404,14.962,500
211060,Etna,2024 CE,37.748,14.999,3357
211070,Campi Flegrei del Mar di Sicilia,1867 CE,37.1,12.7,-8
211071,Pantelleria,1891 CE,36.77,12.02,836
211080,Marsili,1050 BCE,39.284,14.399,-779
212020,Methana,258 BCE,37.6186,23.3331,380
212030,Milos,140 CE,36.699,24.439,751
212040,Santorini,1950 CE,36.404,25.396,367
212050,Nisyros,1888 CE,36.5888,27.1553,698
213000,Kula,Unknown,38.58,28.52,750
213002,Hasandag-Keciboyduran Volcanic Complex,Unknown,38.13,34.17,3253
213010,Erciyes Volcanic Complex,6880 BCE,38.531,35.447,3864
213011,Karaca Dag,Unknown,37.67,39.83,1957
213020,Nemrut Dagi,1650 CE,38.654,42.229,2948
213030,Tenduruk Dagi,1855 CE,39.356,43.874,3514
213040,Ararat,1840 CE,39.7,44.3,5165
214010,Elbrus,50 CE,43.351,42.442,5642
214020,Kazbek,750 BCE,42.7,44.5,5050
214050,Samsari Volcanic Center,Unknown,41.542,43.7,3290
214060,Aragats,Unknown,40.53,44.2,4095
214070,Ghegham Volcanic Ridge,1900 BCE,40.283,45,3597
214080,Vaiyots-Sar,2000 BCE,39.797,45.497,2575
214090,Porak,778 BCE,40.028,45.74,3029
214100,Tskhouk-Karckar,3000 BCE,39.742,45.992,3139
221010,Tair Jebel at,2008 CE,15.55,41.83,244
221020,Zubair Group,2013 CE,15.05,42.18,191
221021,Zukur,Unknown,14.02,42.75,624
221022,Hanish,Unknown,13.72,42.73,422
221040,Alid,Unknown,14.88,39.92,904
221041,Dallol,2011 CE,14.242,40.3,-48
221050,Gada Ale,Unknown,13.975,40.408,287
221060,Alu-Dalafilla,2008 CE,13.793,40.553,578
221071,Bora Ale,Unknown,13.725,40.6,668
221080,Erta Ale,2024 CE,13.601,40.666,585
221090,Ale Bagu,Unknown,13.512,40.631,988
221091,Hayli Gubbi,Unknown,13.51,40.722,493
221100,Dubbi,1861 CE,13.579,41.809,1625
221101,Nabro,2012 CE,13.37,41.7,2218
221102,Mallahle,Unknown,13.27,41.65,1875
221103,Sork Ale,Unknown,13.18,41.725,1611
221104,Asavyo,Unknown,13.098,41.599,1338
221105,Mat Ala,Unknown,13.106,41.161,493
221106,Tat Ali,Unknown,13.284,41.063,655
221107,Borawli,Unknown,13.304,40.987,784
221110,Afdera,Unknown,13.088,40.853,1250
221111,Ma Alalta,Unknown,13.013,40.185,1745
221112,Alayta,1915 CE,12.888,40.573,1496
221113,Dabbahu,2005 CE,12.595,40.48,1401
221114,Dabbayra,Unknown,12.38,40.07,1302
221115,Manda Hararo,2009 CE,12.17,40.82,600
221116,Groppo,Unknown,11.816,40.242,852
221120,Kurub,Unknown,11.88,41.208,625
221122,Manda-Inakir,1928 CE,12.38,42.2,600
221123,Mousa Alli,Unknown,12.469,42.404,1993
221124,Gufa,Unknown,12.55,42.53,600
221125,Assab Volcanic Field,Unknown,12.95,42.43,987
221126,Ardoukoba,1978 CE,11.58,42.47,298
221127,Manda Gargori,Unknown,11.75,41.48,700
221141,Dama Ali,1631 CE,11.28,41.63,1068
221150,Gabillema,Unknown,11.08,41.27,1459
221151,Yangudi,Unknown,10.58,41.042,1383
221160,Ayelu,Unknown,10.082,40.702,2145
221170,Adwa,Unknown,10.063,40.831,1670
221171,Hertali,Unknown,9.78,40.33,900
221172,Liado Hayk,Unknown,9.57,40.28,878
221180,Dofan,Unknown,9.35,40.13,1151
221190,Fentale,1820 CE,8.985,39.906,2007
221191,Beru,Unknown,8.95,39.75,1100
221200,Kone,1820 CE,8.8105,39.6946,1380
221210,Boset,Unknown,8.558,39.475,2447
221220,Bishoftu Volcanic Field,Unknown,8.78,38.98,1850
221222,Melkassa,Unknown,8.43,39.35,1765
221230,Gedemsa,Unknown,8.363,39.172,1909
221250,Bora-Bericha-Tullu Moye,1900 CE,8.2114,39.0812,2345
221251,Unnamed,Unknown,8.013,39.062,1886
221252,East Ziway,Unknown,7.874,38.902,1889
221260,Butajiri-Silti Field,Unknown,8.05,38.35,2281
221270,Aluto,1550 CE,7.77,38.78,2335
221280,Shala,Unknown,7.4569,38.5571,2075
221290,Corbetti,396 BCE,7.193,38.39,2289
221291,Bilate River Field,Unknown,7.07,38.1,1700
221294,Northern Lake Abaya Volcanic Field,Unknown,6.76,37.97,1594
221320,Korath Range,Unknown,5.117,35.892,912
221330,Mega Volcanic Field,Unknown,3.971,38.213,1500
222001,Lake Turkana North Island,Unknown,4.0631,36.0458,490
222010,Lake Turkana Central Island,Unknown,3.496,36.0365,518
222020,Lake Turkana South Island,1888 CE,2.6364,36.5958,800
222021,Marsabit,Unknown,2.32,37.97,1707
222030,Barrier The,1921 CE,2.32,36.57,1032
222040,Namarunu,6550 BCE,1.98,36.43,817
222050,Segererua Plateau,Unknown,1.57,37.9,699
222051,Emuruangogolak,1910 CE,1.5,36.33,1285
222052,Silali,5050 BCE,1.15,36.23,1528
222053,Paka,7550 BCE,0.92,36.18,1697
222054,Korosi,Unknown,0.77,36.12,1446
222055,Ol Kokwe,Unknown,0.62,36.075,1130
222056,Nyambeni Hills,Unknown,0.23,37.87,750
222060,Menengai,6050 BCE,-0.2,36.07,2278
222070,Homa Mountain,Unknown,-0.38,34.5,1751
222071,Elmenteita Badlands,Unknown,-0.546,36.249,2126
222080,Eburru Ol Doinyo,Unknown,-0.65,36.22,2856
222090,Olkaria,1770 CE,-0.904,36.292,2434
222100,Longonot,1863 CE,-0.914,36.446,2776
222110,Suswa,Unknown,-1.151,36.357,2356
222120,Lengai Ol Doinyo,2024 CE,-2.764,35.914,2962
222130,Chyulu Hills,1855 CE,-2.68,37.88,2188
222160,Meru,1910 CE,-3.244,36.75,4550
222161,Igwisi Hills,10450 BCE,-4.889,31.933,1146
222164,Ngozi,1450 CE,-9.0036,33.552,2614
222166,Rungwe,1250 CE,-9.135,33.668,2953
222170,Kyejo,1800 CE,-9.229,33.792,2176
223001,Fort Portal,2120 BCE,0.7,30.25,1615
223002,Kyatwa,Unknown,0.45,30.25,1430
223003,Katwe-Kikorongo,Unknown,-0.08,29.92,1067
223004,Bunyaruguru,Unknown,-0.2,30.08,1554
223005,Katunga,Unknown,-0.471,30.191,1707
223020,Nyamulagira,2024 CE,-1.408,29.2,3058
223030,Nyiragongo,2024 CE,-1.52,29.25,3470
223040,Karisimbi,8050 BCE,-1.506,29.45,4490
223050,Visoke,1957 CE,-1.458,29.485,3696
223060,Muhavura,Unknown,-1.383,29.678,4103
223070,Bufumbira,Unknown,-1.304,29.683,2100
224002,San Carlos,Unknown,3.35,8.52,2260
224003,San Joaquin,Unknown,3.35,8.63,2009
224004,Santa Isabel,1923 CE,3.588,8.762,2999
224010,Cameroon,2000 CE,4.203,9.17,4095
224011,Tombel Graben,Unknown,4.758,9.717,500
224030,Oku Volcanic Field,Unknown,6.25,10.5,3011
225001,Todra Volcanic Field,Unknown,17.68,8.5,1780
225004,Tahalra Volcanic Field,Unknown,22.67,5,1467
225005,Atakor Volcanic Field,Unknown,23.33,5.83,2918
225006,Manzaz Volcanic Field,Unknown,23.92,5.83,1672
225009,Toh Tarso,Unknown,21.33,16.33,2000
225010,Tousside Tarso,Unknown,21.03,16.45,3265
225020,Voon Tarso,Unknown,20.92,17.28,3100
225021,Koussi Emi,Unknown,19.8,18.53,3415
225030,Marra Jebel,2000 BCE,12.95,24.27,3042
225040,Kutum Volcanic Field,Unknown,14.57,25.85,1779
225050,Meidob Volcanic Field,2950 BCE,15.32,26.47,2000
225060,Bayuda Volcanic Field,850 CE,18.33,32.75,670
231001,Ash Shaam Harrat,2670 BCE,32.333,37.583,1100
231040,Lunayyir Harrat,1000 CE,25.17,37.75,1370
231050,Ithnayn Harrat,Unknown,26.58,40.2,1625
231060,Khaybar Harrat,650 CE,25.5,40,2093
231070,Rahat Harrat,1256 CE,23.08,39.78,1744
231071,Kishb Harrat,Unknown,22.8,41.38,1475
231072,Birk Harrat al,Unknown,18.37,41.63,587
231080,Yar Jabal,1810 CE,17.05,42.83,305
231090,Arhab Harra of,500 CE,15.6025,44.0978,3100
231110,Haylan Jabal,1200 BCE,15.4,45.1,1550
231120,Dhamar Harras of,Unknown,14.57,44.67,3500
231160,Sawad Harra Es-,1253 CE,13.58,46.12,1737
231170,Balhaf-Bir Ali Volcanic Field,Unknown,14.067,48.3,604
231180,Bir Borhut,Unknown,15.515,50.935,464
232010,Damavand,5350 BCE,35.951,52.109,5670
233001,Grille La,Unknown,-11.47,43.33,1087
233005,Mayotte,2019 CE,-12.83,45.17,660
233010,Karthala,2007 CE,-11.75,43.38,2361
233011,Ambre-Bobaomby,Unknown,-12.6,49.15,1475
233012,Nosy-Be,Unknown,-13.32,48.48,214
233013,Ankaizina Field,Unknown,-14.3,48.67,2878
233014,Itasy Volcanic Field,6050 BCE,-19.033,46.7,1800
233015,Vakinankaratra,Unknown,-19.85,46.942,2644
233020,Fournaise Piton de la,2023 CE,-21.244,55.708,2632
234000,Boomerang Seamount,1995 CE,-37.7216,77.8221,-650
234001,Amsterdam Island,Unknown,-37.83,77.52,881
234002,St. Paul,1793 CE,-38.72,77.53,268
234010,Heard,2024 CE,-53.106,73.513,2745
234011,McDonald Islands,2005 CE,-53.03,72.6,230
234020,Kerguelen Islands,Unknown,-49.58,69.5,1840
234030,Est Ile de l',Unknown,-46.43,52.2,1090
234040,Possession Ile de la,Unknown,-46.42,51.75,934
234050,Cochons Ile aux,Unknown,-46.1,50.23,775
234060,Prince Edward Island,Unknown,-46.63,37.95,672
234070,Marion Island,2004 CE,-46.9,37.75,1230
241010,Kaikohe-Bay of Islands,400 CE,-35.3,173.9,388
241020,Auckland Volcanic Field,1446 CE,-36.89,174.81,260
241021,Mayor Island,5060 BCE,-37.28,176.25,355
241030,Taranaki,1800 CE,-39.3,174.07,2518
241040,Whakaari/White Island,2024 CE,-37.52,177.18,294
241050,Okataina,1981 CE,-38.1569,176.5069,1111
241070,Taupo,260 CE,-38.7811,175.893,760
241080,Tongariro,2012 CE,-39.157,175.632,1978
241100,Ruapehu,2007 CE,-39.28,175.57,2797
241101,Clark,Unknown,-36.446,177.839,-860
241102,Tangaroa,Unknown,-36.321,178.028,-600
241110,Rumble V,Unknown,-36.142,178.196,-400
241120,Rumble IV,Unknown,-36.13,178.05,-500
241130,Rumble III,2008 CE,-35.745,178.478,-220
241131,Rumble II West,Unknown,-35.353,178.527,-1200
241140,Healy,1360 CE,-35.004,178.973,-980
241150,Brothers,Unknown,-34.875,179.0667,-1350
242001,Wright,Unknown,-31.85,-179.18,-900
242005,Havre Seamount,2012 CE,-31.08,-179.033,-897
242010,Curtis Island,Unknown,-30.543,-178.556,47
242021,Macauley,4360 BCE,-30.21,-178.475,238
242022,Giggenbach,Unknown,-30.036,-178.712,-65
242030,Raoul Island,2006 CE,-29.27,-177.92,516
242050,Monowai,2014 CE,-25.887,-177.188,-132
243001,Unnamed,Unknown,-24.8,-177.02,-385
243010,Unnamed,1932 CE,-21.338,-175.65,-68
243011,Unnamed,Unknown,-21.15,-175.75,-65
243030,Unnamed,2017 CE,-20.852,-175.55,-296
243040,Hunga Tonga-Hunga Ha'apai,2022 CE,-20.5532,-175.3841,114
243050,Fonuafo'ou,1936 CE,-20.32,-175.42,-17
243060,Tofua,2024 CE,-19.75,-175.07,515
243061,Kao,1847 CE,-19.668,-175.016,1009
243070,Lateiki,2019 CE,-19.18,-174.87,43
243080,Home Reef,2023 CE,-18.992,-174.775,-10
243090,Late,1854 CE,-18.806,-174.65,540
243091,Unnamed,2019 CE,-18.325,-174.365,-40
243100,Fonualei,1957 CE,-18.023,-174.317,188
243101,Tafahi,Unknown,-15.854,-173.747,546
243102,Curacoa,1979 CE,-15.62,-173.67,-33
243110,Niuafo'ou,1946 CE,-15.6,-175.63,260
243111,Dugong,Unknown,-15.431,-175.725,-1170
243112,Lobster,Unknown,-15.333,-176.283,-1500
243120,Tafu-Maka,2008 CE,-15.37,-174.23,-1400
243130,West Mata,2009 CE,-15.1,-173.75,-1174
243140,Niuatahi,Unknown,-15.3675,-174.0028,-1270
244000,Vailulu'u,2003 CE,-14.215,-169.058,-592
244001,Ta'u,Unknown,-14.23,-169.454,931
244010,Ofu-Olosega,1866 CE,-14.175,-169.618,639
244020,Tutuila,440 CE,-14.2903,-170.7019,653
244021,Malumalu,Unknown,-14.601,-169.787,-145
244030,Upolu,Unknown,-13.935,-171.72,1100
244040,Savaii,1911 CE,-13.612,-172.525,1858
245010,Taveuni,1550 CE,-16.8412,-179.9644,1241
245030,Nabukelevu,1660 CE,-19.1181,177.9815,791
250010,St. Andrew Strait,1957 CE,-2.38,147.35,270
250030,Central Bismarck Sea,1972 CE,-3.03,147.78,-1300
251001,Blup Blup,Unknown,-3.507,144.605,402
251002,Kadovar,2023 CE,-3.608,144.588,365
251010,Bam,1960 CE,-3.613,144.818,685
251011,Boisa,Unknown,-3.994,144.963,240
251020,Manam,2024 CE,-4.08,145.037,1807
251030,Karkar,1979 CE,-4.647,145.976,1839
251041,Hankow Reef,Unknown,-4.883,146.717,-5
251050,Long Island,1993 CE,-5.358,147.12,1280
251060,Umboi,Unknown,-5.592,147.892,1335
251070,Ritter Island,2007 CE,-5.519,148.115,75
251080,Sakar,Unknown,-5.414,148.094,992
252010,Langila,2024 CE,-5.525,148.42,1330
252040,Dakataua,1895 CE,-5.0455,150.0996,408
252050,Bola,Unknown,-5.141,150.038,1116
252060,Garua Harbour,Unknown,-5.3,150.07,565
252070,Krummel-Garbuna-Welcker,2008 CE,-5.416,150.027,564
252071,Lolo,Unknown,-5.466,150.509,796
252080,Witori,2012 CE,-5.5745,150.5161,724
252090,Sulu Range,Unknown,-5.5,150.942,610
252100,Hargy,950 CE,-5.33,151.1,1148
252110,Bamus,1886 CE,-5.2,151.23,2248
252120,Ulawun,2023 CE,-5.05,151.33,2334
252130,Lolobau,1912 CE,-4.9156,151.1617,878
252140,Rabaul,2014 CE,-4.2459,152.1937,688
252150,Tavui,4946 BCE,-4.1089,152.2134,200
253010,Lamington,1956 CE,-8.95,148.15,1680
253011,Hydrographers Range,Unknown,-9,148.37,1915
253021,Managlase Plateau,Unknown,-9.08,148.33,1342
253030,Victory,1935 CE,-9.2003,149.072,1832
253040,Sessagara Hills,1944 CE,-9.5542,149.1278,493
253041,Goodenough,Unknown,-9.358,150.246,220
253050,Iamalele,Unknown,-9.5056,150.5239,194
253060,Dawson Strait Group,1350 CE,-9.62,150.88,500
254010,Lihir,Unknown,-3.125,152.642,700
254020,Ambitle,350 BCE,-4.08,153.65,450
255010,Balbi,Unknown,-5.9156,155.0008,2715
255011,Billy Mitchell,1580 CE,-6.0898,155.2254,1544
255020,Bagana,2024 CE,-6.137,155.196,1855
255021,Takuan Group,Unknown,-6.442,155.608,2210
255030,Loloru,1050 BCE,-6.52,155.62,1887
255050,Simbo,1910 CE,-8.292,156.52,335
255052,Kana Keoki,Unknown,-8.75,157.03,-700
255053,Coleman Seamount,Unknown,-8.841,157.16,-717
255060,Kavachi,2014 CE,-8.991,157.979,-20
255061,Unnamed,Unknown,-8.92,158.03,-240
255062,Gallego,Unknown,-9.35,159.73,1000
255070,Savo,1847 CE,-9.13,159.82,485
256010,Tinakula,2024 CE,-10.386,165.804,796
257001,Motlav,Unknown,-13.67,167.67,411
257010,Suretamatai,1966 CE,-13.8,167.47,921
257020,Gaua,2022 CE,-14.281,167.514,729
257030,Ambae,2023 CE,-15.389,167.835,1496
257040,Ambrym,2024 CE,-16.25,168.12,1334
257050,Lopevi,2007 CE,-16.507,168.346,1413
257060,East Epi,2023 CE,-16.6797,168.3893,833
257070,Kuwae,1974 CE,-16.8304,168.5227,-2
257081,Nguna-Emau,Unknown,-17.4522,168.353,589
257090,Traitor's Head,1881 CE,-18.754,169.238,817
257100,Yasur,2024 CE,-19.532,169.447,361
258001,Gemini-Oscostar,1996 CE,-20.957,170.13,-33
258010,Matthew Island,1956 CE,-22.33,171.32,177
258020,Hunter Island,1903 CE,-22.4,172.05,297
259010,Newer Volcanics Province,2900 BCE,-37.77,142.5,1011
259804,McBride Volcanic Province,5050 BCE,-18.367,144.567,1020
260001,Narcondum,Unknown,13.43,94.28,710
260010,Barren Island,2024 CE,12.278,93.858,354
261020,Seulawah Agam,1839 CE,5.448,95.658,1810
261030,Peuet Sague,2000 CE,4.903,96.289,2785
261050,Telong Bur ni,1937 CE,4.769,96.821,2617
261070,Singkut,1881 CE,3.2379,98.5127,2181
261080,Sinabung,2021 CE,3.17,98.392,2460
261090,Toba,Unknown,2.6083,98.8417,2157
261110,Sibualbuali,Unknown,1.556,99.255,1819
261111,Lubukraya,Unknown,1.478,99.209,1862
261120,Sorikmarapi,1986 CE,0.686,99.539,2145
261121,Malintang,Unknown,0.47,99.67,1983
261130,Talakmau,Unknown,0.079,99.98,2919
261140,Marapi,2024 CE,-0.38,100.474,2885
261150,Tandikat-Singgalang,1924 CE,-0.39,100.331,2854
261160,Talang,2007 CE,-0.979,100.681,2575
261170,Kerinci,2024 CE,-1.697,101.264,3800
261180,Sumbing,1921 CE,-2.414,101.728,2507
261200,Hululais,Unknown,-3.247,102.239,2122
261210,Daun Bukit,Unknown,-3.38,102.37,2467
261220,Kaba,2000 CE,-3.522,102.615,1940
261230,Dempo,2024 CE,-4.016,103.121,3142
261231,Patah,Unknown,-4.257,103.306,2836
261251,Ranau,Unknown,-4.871,103.925,1854
261270,Suoh,2024 CE,-5.25,104.27,1000
261290,Rajabasa,Unknown,-5.78,105.625,1281
262000,Krakatau,2023 CE,-6.1009,105.4233,285
263010,Pulosari,Unknown,-6.343,105.978,1324
263020,Karang,Unknown,-6.268,106.05,1768
263040,Perbakti-Gagak,1939 CE,-6.75,106.675,1726
263050,Salak,1938 CE,-6.716,106.733,2218
263060,Gede-Pangrango,1957 CE,-6.786,106.983,3026
263070,Patuha,Unknown,-7.162,107.4,2422
263090,Tangkuban Parahu,2019 CE,-6.77,107.6,2084
263100,Papandayan,2002 CE,-7.32,107.73,2665
263110,Kendang,Unknown,-7.245,107.709,2594
263130,Guntur,1847 CE,-7.143,107.841,2251
263131,Tampomas,Unknown,-6.7639,107.9612,1690
263140,Galunggung,1984 CE,-7.25,108.058,2168
263150,Talagabodas,Unknown,-7.208,108.07,2201
263170,Ciremai,1951 CE,-6.895,108.408,3039
263180,Slamet,2014 CE,-7.242,109.208,3428
263200,Dieng Volcanic Complex,2021 CE,-7.2,109.879,2565
263210,Sundoro,1971 CE,-7.302,109.996,3147
263220,Sumbing,1730 CE,-7.384,110.07,3371
263230,Ungaran,Unknown,-7.1876,110.3455,2033
263231,Telomoyo,Unknown,-7.362,110.4,1864
263240,Merbabu,1797 CE,-7.454,110.44,3118
263250,Merapi,2024 CE,-7.54,110.446,2910
263260,Lawu,1885 CE,-7.625,111.192,3265
263270,Wilis,Unknown,-7.808,111.758,2563
263280,Kelud,2014 CE,-7.935,112.314,1730
263281,Kawi-Butak,Unknown,-7.92,112.45,2651
263290,Arjuno-Welirang,1952 CE,-7.733,112.575,3343
263291,Penanggungan,Unknown,-7.616,112.62,1631
263300,Semeru,2024 CE,-8.108,112.922,3657
263310,Tengger Caldera,2023 CE,-7.942,112.95,2329
263320,Lamongan,1898 CE,-7.981,113.341,1641
263330,Iyang-Argapura,Unknown,-7.97,113.57,3088
263340,Raung,2022 CE,-8.119,114.056,3260
263350,Ijen,1999 CE,-8.058,114.242,2769
263351,Baluran,Unknown,-7.85,114.37,1247
264001,Buyan-Bratan,Unknown,-8.283,115.133,2244
264010,Batur,2000 CE,-8.2403,115.3775,1711
264020,Agung,2019 CE,-8.343,115.508,2997
264030,Rinjani,2016 CE,-8.42,116.47,3726
264040,Tambora,1967 CE,-8.25,118,2850
264050,Sangeang Api,2022 CE,-8.2,119.07,1912
264060,Sano Wai,Unknown,-8.7345,120.0074,1319
264071,Ranakah,1991 CE,-8.637,120.5302,2288
264080,Inierie,8050 BCE,-8.875,120.95,2245
264090,Inielika,2001 CE,-8.73,120.98,1559
264100,Ebulobo,1969 CE,-8.817,121.191,2096
264110,Iya,1969 CE,-8.891,121.641,618
264140,Kelimutu,1968 CE,-8.77,121.82,1639
264150,Paluweh,2013 CE,-8.32,121.708,875
264160,Egon,2008 CE,-8.676,122.455,1661
264180,Lewotobi,2024 CE,-8.542,122.775,1703
264200,Leroboleng,2003 CE,-8.365,122.833,1095
264220,Iliboleng,1993 CE,-8.342,123.258,1659
264230,Lewotolok,2024 CE,-8.274,123.508,1431
264240,Ililabalekan,Unknown,-8.55,123.38,1018
264250,Iliwerung,2021 CE,-8.532,123.573,583
264260,Tara Batu,2015 CE,-7.791,123.585,633
264270,Sirung,2021 CE,-8.4972,124.1306,1347
265040,Wurlali,1892 CE,-7.125,128.675,868
265050,Teon,1904 CE,-6.976,129.144,728
265060,Nila,1968 CE,-6.73,129.5,781
265070,Serua,1921 CE,-6.312,130.017,608
265080,Manuk,Unknown,-5.543,130.303,257
265090,Banda Api,1988 CE,-4.523,129.881,596
266010,Colo,1983 CE,-0.162,121.601,404
266020,Ambang,2005 CE,0.75,124.42,1795
266030,Soputan,2020 CE,1.112,124.737,1785
266100,Lokon-Empung,2015 CE,1.358,124.792,1580
266110,Mahawu,1977 CE,1.352,124.865,1299
266120,Klabat,Unknown,1.454,125.031,1968
266130,Tangkoko-Duasudara,1880 CE,1.518,125.185,1334
267010,Ruang,2024 CE,2.3,125.37,725
267020,Karangetang,2023 CE,2.781,125.407,1797
267030,Banua Wuhu,1919 CE,3.138,125.491,-5
267040,Awu,2004 CE,3.689,125.447,1318
268001,Tarakan,Unknown,1.832,127.825,317
268010,Dukono,2024 CE,1.6992,127.8783,1273
268020,Tobaru,Unknown,1.63,127.67,1035
268030,Ibu,2024 CE,1.488,127.63,1325
268040,Gamkonora,2007 CE,1.38,127.53,1635
268050,Todoko-Ranu,Unknown,1.2389,127.4556,979
268051,Jailolo,Unknown,1.08,127.439,993
268052,Hiri,Unknown,0.9,127.32,630
268060,Gamalama,2018 CE,0.81,127.3322,1714
268061,Kie Matubu,1210 CE,0.6623,127.4029,1713
268062,Mare,Unknown,0.57,127.4,308
268063,Moti,Unknown,0.454,127.411,927
268070,Kie Besi,1988 CE,0.32,127.4,1357
268071,Tigalalu,Unknown,0.07,127.42,422
268072,Amasing,Unknown,-0.5249,127.4956,1006
268073,Bibinoi,Unknown,-0.761,127.725,932
271010,Balut,Unknown,5.398,125.376,840
271011,Melebingoy,1641 CE,6.113,124.892,1824
271020,Matutum,1290 CE,6.3604,125.0765,2262
271030,Apo,Unknown,6.989,125.269,2938
271031,Leonard Range,80 CE,7.382,126.047,1080
271040,Makaturing,1882 CE,7.644,124.317,1818
271060,Ragang,1916 CE,7.691,124.507,2790
271061,Kalatungan,Unknown,7.95,124.8,2824
271070,Musuan,Unknown,7.8765,125.0697,610
271071,Malindang,Unknown,8.22,123.63,2404
271080,Camiguin,1953 CE,9.203,124.673,1552
272020,Kanlaon,2024 CE,10.4096,123.13,2422
272050,Cabalían,1820 CE,10.285,125.218,912
272080,Biliran,1939 CE,11.523,124.535,1301
273010,Bulusan,2022 CE,12.769,124.056,1535
273020,Pocdol Mountains,Unknown,13.05,123.958,1102
273030,Mayon,2024 CE,13.257,123.685,2462
273031,Masaraga,Unknown,13.3099,123.5978,1294
273041,Iriga,Unknown,13.458,123.451,1138
273042,Isarog,3500 BCE,13.658,123.38,1966
273044,Malindig,Unknown,13.24,122.018,1157
273050,Banahaw,Unknown,14.07,121.48,2158
273060,San Pablo Volcanic Field,1350 CE,14.12,121.3,1090
273070,Taal,2024 CE,14.0106,120.9975,311
273080,Laguna Caldera,Unknown,14.42,121.27,743
273083,Pinatubo,2021 CE,15.13,120.35,1486
273087,Patoc,Unknown,17.147,120.98,1865
273088,Ambalatungan Group,Unknown,17.32,121.1,2329
273090,Cagua,1860 CE,18.222,122.123,1133
274010,Camiguin de Babuyanes,1857 CE,18.83,121.86,712
274020,Didicas,1978 CE,19.077,122.202,228
274030,Babuyan Claro,1924 CE,19.524,121.95,1064
274060,Iraya,1454 CE,20.469,122.01,1009
275001,Hainan Volcanic Field,1933 CE,19.905,110.229,196
275020,Ly Son Group,Unknown,15.38,109.12,157
275060,Cendres Ile des,1923 CE,10.158,109.014,-20
275080,Popa,6050 BCE,20.92,95.25,1518
275110,Tengchong,5750 BCE,25.23,98.5,2865
281031,Kueishantao,1853 CE,24.841,121.953,361
281032,Tatun Volcanic Group,648 CE,25.178,121.553,1120
282010,Submarine Volcano NNE of Iriomotejima,1924 CE,24.57,123.93,-200
282020,Io-Torishima,1968 CE,27.881,128.223,212
282021,Yokoatejima,1835 CE,28.797,128.997,495
282022,Akusekijima,Unknown,29.465,129.594,555
282030,Suwanosejima,2024 CE,29.638,129.714,796
282040,Nakanoshima,1914 CE,29.859,129.857,979
282043,Kuchinoshima,1190 CE,29.968,129.926,628
282050,Kuchinoerabujima,2020 CE,30.443,130.217,657
282060,Kikai,2020 CE,30.793,130.305,704
282070,Ata,885 CE,31.22,130.57,924
282080,Aira,2024 CE,31.5772,130.6589,1117
282081,Yonemaru-Sumiyoshiike,6200 BCE,31.771,130.592,40
282090,Kirishimayama,2018 CE,31.934,130.862,1700
282091,Fukue,400 BCE,32.657,128.849,315
282100,Unzendake,1996 CE,32.761,130.299,1483
282110,Asosan,2021 CE,32.8849,131.085,1592
282120,Kujusan,1996 CE,33.086,131.249,1791
282130,Yufu-Tsurumi,867 CE,33.282,131.39,1584
283001,Abu,6850 BCE,34.4833,131.5167,641
283002,Sanbesan,650 CE,35.141,132.622,1126
283010,Izu-Tobu,1989 CE,34.9,139.098,1406
283020,Hakoneyama,2015 CE,35.233,139.021,1438
283030,Fujisan,1708 CE,35.361,138.728,3776
283031,Yokodake,1200 CE,36.087,138.32,2480
283040,Ontakesan,2014 CE,35.893,137.48,3067
283050,Hakusan,1659 CE,36.155,136.771,2702
283060,Norikuradake,50 BCE,36.106,137.554,3026
283069,Akandanayama,Unknown,36.2,137.573,2109
283070,Yakedake,1995 CE,36.227,137.587,2455
283071,Washiba-Kumonotaira,Unknown,36.408,137.594,2924
283080,Midagahara,1839 CE,36.571,137.59,2621
283090,Niigata-Yakeyama,1998 CE,36.921,138.036,2400
283100,Myokosan,750 BCE,36.891,138.114,2454
283110,Asamayama,2019 CE,36.406,138.523,2568
283120,Kusatsu-Shiranesan,2018 CE,36.618,138.528,2165
283121,Shiga,Unknown,36.688,138.519,2041
283122,Harunasan,550 CE,36.477,138.851,1449
283130,Akagisan,Unknown,36.56,139.193,1828
283131,Hiuchigatake,1544 CE,36.955,139.285,2356
283140,Nikko-Shiranesan,1952 CE,36.799,139.376,2578
283141,Nantaisan,9540 BCE,36.765,139.491,2486
283142,Omanago Group,3050 BCE,36.8067,139.4756,2341
283143,Takaharayama,4570 BCE,36.9,139.777,1795
283150,Nasudake,1963 CE,37.125,139.963,1915
283151,Numazawa,3400 BCE,37.444,139.566,835
283160,Bandaisan,1888 CE,37.601,140.072,1816
283170,Adatarayama,1996 CE,37.647,140.281,1728
283180,Azumayama,1977 CE,37.735,140.244,1949
283190,Zaozan [Zaosan],1940 CE,38.144,140.44,1841
283191,Hijiori,Unknown,38.5992,140.1617,552
283200,Naruko,837 CE,38.729,140.734,470
283210,Kurikomayama,1950 CE,38.961,140.788,1627
283220,Chokaisan,1974 CE,39.099,140.049,2236
283230,Akita-Komagatake,1971 CE,39.761,140.799,1637
283240,Iwatesan,1919 CE,39.853,141.001,2038
283250,Hachimantai,5350 BCE,39.958,140.854,1613
283260,Akita-Yakeyama,1997 CE,39.964,140.757,1366
283262,Megata,2050 BCE,39.95,139.725,160
283270,Iwakisan,1863 CE,40.656,140.303,1625
283271,Towada,915 CE,40.51,140.88,1011
283280,Hakkodasan,1550 CE,40.659,140.877,1585
283290,Osorezan,1787 CE,41.279,141.12,878
284010,Izu-Oshima,1990 CE,34.724,139.394,746
284011,Toshima,4550 BCE,34.52,139.279,508
284020,Niijima,886 CE,34.397,139.27,432
284030,Kozushima,838 CE,34.219,139.153,572
284040,Miyakejima,2010 CE,34.094,139.526,775
284041,Mikurajima,4100 BCE,33.874,139.602,851
284042,Kurose Hole,Unknown,33.4,139.68,-114
284050,Hachijojima,1606 CE,33.137,139.766,854
284060,Aogashima,1785 CE,32.458,139.759,423
284061,Kita-Bayonnaise,Unknown,32.1,139.85,-360
284070,Myojinsho,1970 CE,31.888,139.918,11
284080,Sumisujima,1916 CE,31.44,140.051,136
284090,Izu-Torishima,2002 CE,30.484,140.303,394
284091,Sofugan,Unknown,29.794,140.342,99
284093,Suiyo Seamount,Unknown,28.575,140.633,-991
284094,Mokuyo Seamount,Unknown,28.327,140.572,-933
284095,Doyo Seamount,Unknown,27.68,140.8,-590
284096,Nishinoshima,2023 CE,27.247,140.874,100
284097,Kaikata Seamount,Unknown,26.667,140.929,-165
284100,Kaitoku Seamount,2023 CE,26.1217,141.0955,-95
284110,Kita-Ioto,2022 CE,25.424,141.284,792
284120,Ioto,2024 CE,24.751,141.289,169
284121,Kita-Fukutokutai,1954 CE,24.417,141.417,-73
284130,Fukutoku-Oka-no-Ba,2021 CE,24.285,141.481,-29
284131,Minami-Hiyoshi,1975 CE,23.5,141.935,-107
284132,Nikko,Unknown,23.078,142.326,-392
284133,Fukujin,1974 CE,21.93,143.47,-217
284134,Kasuga 1,1959 CE,21.765,143.71,-598
284135,Kasuga 2,Unknown,21.6,143.637,-274
284136,NW Eifuku,Unknown,21.485,144.043,-1535
284137,Daikoku,Unknown,21.324,144.194,-323
284140,Farallon de Pajaros,1953 CE,20.546,144.893,337
284141,Ahyi,2024 CE,20.42,145.03,-75
284142,Supply Reef,Unknown,20.13,145.1,-8
284143,Maug Islands,Unknown,20.02,145.22,227
284150,Asuncion,1906 CE,19.671,145.406,857
284160,Agrigan,1917 CE,18.77,145.67,965
284170,Pagan,2021 CE,18.13,145.8,570
284180,Alamagan,870 CE,17.6,145.83,744
284190,Guguan,1883 CE,17.307,145.845,287
284191,Zealandia Bank,Unknown,16.88,145.85,0
284192,Sarigan,Unknown,16.708,145.78,538
284193,South Sarigan Seamount,2010 CE,16.58,145.78,-184
284200,Anatahan,2008 CE,16.35,145.67,790
284201,East Diamante,Unknown,15.93,145.67,-127
284202,Ruby,2023 CE,15.605,145.572,174
284210,Esmeralda Bank,Unknown,14.958,145.249,-74
284211,NW Rota-1,2010 CE,14.601,144.775,-517
284220,Forecast Seamount,Unknown,13.4,143.92,-1456
284230,Seamount X,Unknown,13.25,144.02,-1230
284305,Mariana Back-Arc Segment at 15.5°N,2015 CE,15.406,144.506,-4100
285010,Oshima-Oshima,1790 CE,41.51,139.367,732
285011,Esan,1874 CE,41.805,141.166,618
285020,Hokkaido-Komagatake,2000 CE,42.063,140.677,1131
285030,Toya,2001 CE,42.544,140.839,733
285031,Niseko,4900 BCE,42.875,140.659,1308
285032,Yoteizan,1050 BCE,42.827,140.812,1888
285034,Kuttara,1820 CE,42.491,141.16,549
285040,Shikotsu,1981 CE,42.688,141.38,1320
285041,Rishirizan,5830 BCE,45.179,141.242,1721
285050,Tokachidake,2004 CE,43.418,142.686,2077
285060,Taisetsuzan,1739 CE,43.664,142.854,2291
285061,Maruyama,1898 CE,43.418,143.031,2013
285070,Akan,2008 CE,43.384,144.013,1499
285080,Kussharo,1320 CE,43.615,144.427,574
285081,Mashu,1080 CE,43.572,144.561,857
285082,Rausudake,1800 CE,44.076,145.122,1660
285083,Tenchozan,Unknown,44.044,145.086,1046
285090,Shiretoko-Iozan,1936 CE,44.133,145.161,1562
290010,Tomariyama [Golovnin],1848 CE,43.844,145.504,535
290020,Raususan [Mendeleev],1880 CE,43.979,145.733,882
290021,Ruruidake [Smirnov],Unknown,44.454,146.139,1486
290030,Chachadake [Tiatia],1981 CE,44.353,146.252,1822
290040,Berutarubesan [Berutarube],Unknown,44.462,146.932,1221
290041,Moekeshiwan [Lvinaya Past],7480 BCE,44.608,146.994,528
290050,Etorofu-Atosanupuri [Atosanupuri],1932 CE,44.808,147.131,1206
290060,Hitokappu Volcano Group [Bogatyr Ridge],Unknown,44.857,147.403,1610
290061,Unnamed,Unknown,45.022,147.019,-195
290070,Etorofu-Yakeyama [Grozny Group],2013 CE,45.012,147.871,1158
290072,Odamoisan [Tebenkov],Unknown,45.028,147.918,1208
290080,Sashiusudake [Baransky],1951 CE,45.1,148.019,1125
290090,Chirippusan [Chirip],1860 CE,45.338,147.92,1587
290100,Moyorodake [Medvezhia],1999 CE,45.389,148.838,1124
290110,Rakkibetsudake [Demon],Unknown,45.5,148.85,1205
290111,Ivao Group,Unknown,45.7593,149.6762,1426
290112,Rudakov,Unknown,45.874,149.819,532
290113,Tri Sestry,Unknown,45.93,149.92,998
290120,Kolokol Group,1973 CE,46.042,150.083,1328
290150,Chirpoi,2016 CE,46.532,150.871,742
290160,Unnamed,1972 CE,46.47,151.28,-502
290161,Milna,1914 CE,46.815,151.786,1504
290180,Zavaritzki Caldera,1957 CE,46.9178,151.9518,612
290190,Prevo Peak,1825 CE,47.0139,152.1167,1360
290191,Uratman,Unknown,47.12,152.25,678
290200,Ketoi,1960 CE,47.35,152.475,1172
290210,Ushishur,1884 CE,47.5125,152.8139,357
290211,Srednii,Unknown,47.5861,152.893,36
290220,Rasshua,1957 CE,47.77,153.02,956
290240,Sarychev Peak,2021 CE,48.092,153.2,1496
290250,Raikoke,2019 CE,48.292,153.25,551
290260,Chirinkotan,2022 CE,48.98,153.48,724
290270,Ekarma,2010 CE,48.958,153.93,1170
290290,Sinarka,1878 CE,48.873,154.182,911
290300,Kharimkotan,1933 CE,49.12,154.508,1145
290310,Tao-Rusyr Caldera,1952 CE,49.34,154.725,1272
290320,Nemo Peak,1938 CE,49.57,154.808,1018
290331,Shirinki,Unknown,50.2,154.98,761
290340,Fuss Peak,1854 CE,50.267,155.246,1742
290350,Karpinsky Group,1952 CE,50.148,155.373,1326
290360,Chikurachki,2023 CE,50.324,155.461,1781
290370,Vernadskii Ridge,Unknown,50.55,155.97,1183
290380,Ebeko,2024 CE,50.686,156.014,1103
290390,Alaid,2022 CE,50.861,155.565,2285
300010,Kambalny,2017 CE,51.306,156.875,2116
300020,Koshelev,1690 CE,51.356,156.753,1822
300021,Yavinsky,4050 BCE,51.533,156.629,646
300022,Diky Greben,350 CE,51.452,156.978,1040
300023,Kurile Lake,6440 BCE,51.45,157.12,81
300030,Iliinsky,1901 CE,51.498,157.203,1555
300040,Zheltovsky,1923 CE,51.577,157.328,1926
300050,Ksudach,1907 CE,51.844,157.572,1079
300052,Olkoviy Volcanic Group,Unknown,52.02,157.53,681
300053,Khodutka,300 BCE,52.062,157.711,2039
300058,Asacha,Unknown,52.355,157.827,1910
300059,Visokiy,Unknown,52.435,157.9332,1227
300060,Mutnovsky,2000 CE,52.449,158.196,2288
300070,Gorely,2010 CE,52.5549,158.0358,1799
300080,Opala,1776 CE,52.543,157.339,2439
300082,Tolmachev Dol,300 CE,52.63,157.58,1021
300083,Vilyuchinsky,8050 BCE,52.7,158.28,2173
300084,Barkhatnaya Sopka,3550 BCE,52.802,158.24,874
300090,Koryaksky,2009 CE,53.321,158.712,3430
300100,Avachinsky,2001 CE,53.256,158.836,2717
300110,Dzenzursky,Unknown,53.637,158.922,2285
300120,Zhupanovsky,2016 CE,53.589,159.15,2899
300121,Veer,390 CE,53.7525,158.4478,520
300122,Kostakan,1350 CE,53.833,158.052,1150
300123,Bakening,550 BCE,53.905,158.07,2278
300124,Zavaritsky,800 BCE,53.905,158.385,1567
300125,Akademia Nauk,1996 CE,53.98,159.45,1180
300130,Karymsky,2022 CE,54.049,159.443,1513
300140,Maly Semyachik,1952 CE,54.135,159.674,1527
300150,Bolshoi Semiachik,4450 BCE,54.32,160.02,1720
300160,Taunshits,550 BCE,54.528,159.804,2301
300170,Uzon,200 CE,54.4885,159.9741,1617
300180,Kikhpinych,1550 CE,54.489,160.251,1515
300190,Krasheninnikov,1550 CE,54.596,160.27,1816
300200,Kronotsky,1923 CE,54.753,160.533,3482
300210,Gamchen,550 BCE,54.974,160.703,2539
300220,Komarov,950 CE,55.033,160.725,2065
300221,Vysoky,550 BCE,55.064,160.765,2129
300230,Kizimen,2013 CE,55.131,160.32,2334
300240,Tolbachik,2013 CE,55.832,160.326,3611
300241,Udina,Unknown,55.758,160.527,2886
300242,Zimina,Unknown,55.862,160.603,3057
300250,Bezymianny,2024 CE,55.972,160.595,2882
300251,Kamen,Unknown,56.02,160.593,4585
300260,Klyuchevskoy,2023 CE,56.056,160.642,4754
300261,Ushkovsky,1890 CE,56.113,160.509,3943
300270,Sheveluch,2024 CE,56.653,161.36,3283
300271,Piip,5050 BCE,55.42,167.33,-300
300272,Khangar,1500 CE,54.761,157.407,1967
300273,Cherpuk Group,4550 BCE,55.55,157.47,1868
300280,Ichinsky,1740 CE,55.678,157.718,3596
300360,Bolshoi-Kekuknaysky,5310 BCE,56.483,157.917,1401
300450,Alney-Chashakondzha,1600 CE,56.656,159.647,2570
300511,Shisheika,2240 BCE,57.153,161.09,355
300512,Terpuk,800 BCE,57.2,159.83,765
300520,Sedanka Lava Field,7050 BCE,57.317,160.067,1399
300550,Gorny Institute,1250 CE,57.33,160.2,2125
300551,Kinenin,850 CE,57.35,160.97,583
300552,Bliznetsy,1060 BCE,57.35,161.37,265
300560,Titila,550 BCE,57.406,160.108,1523
300590,Elovsky,7550 BCE,57.55,160.53,1381
300650,Nylgimelkin,3550 BCE,57.97,160.65,1764
300671,Spokoiny,3450 BCE,58.13,160.82,2171
300680,Ostry,2050 BCE,58.18,160.82,2552
300700,Severny,1550 BCE,58.28,160.87,1936
302030,Udokan Plateau,220 BCE,56.28,117.77,2180
302040,Vitim Volcanic Field,Unknown,53.75,113.25,1250
302050,Tunkin Depression,Unknown,51.5,102.5,1200
302060,Jom-Bolok,5180 BCE,52.713,99.021,2047
302070,Azas Plateau,Unknown,52.433,98.303,2765
303010,Taryatu-Chulutu,2980 BCE,48.133,99.95,2326
303020,Khanuy Gol,Unknown,48.67,102.75,1886
303040,Dariganga Volcanic Field,Unknown,45.754,114.279,1778
304030,Ashikule Volcanic Field,1951 CE,35.742,81.646,5090
305010,Honggeertu,Unknown,41.59,113.111,1605
305011,Arxan-Chaihe,0 CE,47.45,120.8,1677
305020,Keluo Group,Unknown,49.37,125.92,670
305030,Wudalianchi,1776 CE,48.722,126.15,597
305040,Jingpohu,520 BCE,44.08,128.83,1000
305050,Longgang Group,350 CE,42.33,126.5,1000
305060,Changbaishan,1903 CE,41.98,128.08,2744
306020,Ch'uga-ryong,Unknown,38.33,127.33,452
306030,Ulleungdo,2990 BCE,37.5,130.87,984
306040,Halla,1007 CE,33.361,126.53,1919
311010,Buldir,Unknown,52.35,175.911,656
311020,Kiska,1990 CE,52.103,177.602,1220
311030,Segula,Unknown,52.015,178.136,1160
311040,Davidof,Unknown,51.97,178.33,328
311050,Little Sitkin,1830 CE,51.95,178.543,1174
311060,Semisopochnoi,2023 CE,51.93,179.58,1221
311070,Gareloi,1989 CE,51.79,-178.794,1573
311080,Tanaga,1914 CE,51.885,-178.146,1806
311090,Takawangha,1550 CE,51.873,-178.006,1449
311100,Bobrof,Unknown,51.91,-177.438,738
311110,Kanaga,2023 CE,51.923,-177.168,1307
311111,Moffett,1600 BCE,51.944,-176.747,1196
311120,Great Sitkin,2024 CE,52.076,-176.13,1740
311130,Kasatochi,2008 CE,52.177,-175.508,314
311140,Koniuji,1150 BCE,52.22,-175.13,273
311160,Atka Volcanic Complex,2024 CE,52.331,-174.139,1518
311180,Seguam,1993 CE,52.315,-172.51,1054
311190,Amukta,1997 CE,52.5,-171.252,1066
311200,Chagulak,Unknown,52.577,-171.13,1142
311210,Yunaska,1937 CE,52.6394,-170.6317,550
311220,Herbert,Unknown,52.742,-170.111,1280
311230,Carlisle,1828 CE,52.894,-170.054,1620
311240,Cleveland,2020 CE,52.825,-169.944,1730
311241,Tana,Unknown,52.83,-169.77,1170
311250,Uliaga,Unknown,53.065,-169.77,888
311260,Kagamil,1929 CE,52.974,-169.72,893
311270,Vsevidof,1878 CE,53.13,-168.693,2149
311280,Recheschnoi,Unknown,53.157,-168.539,1984
311290,Okmok,2008 CE,53.43,-168.13,1073
311300,Bogoslof,2017 CE,53.93,-168.03,150
311310,Makushin,1995 CE,53.891,-166.923,1800
311320,Akutan,1992 CE,54.134,-165.986,1303
311340,Westdahl,1992 CE,54.516,-164.65,1563
311350,Fisher,1830 CE,54.65,-164.43,1112
311360,Shishaldin,2023 CE,54.756,-163.97,2857
311380,Roundtop,7600 BCE,54.8,-163.589,1871
311390,Amak,1796 CE,55.4184,-163.1472,547
312010,Frosty,Unknown,55.067,-162.835,1728
312011,Dutton,Unknown,55.183,-162.276,1465
312020,Emmons Lake Volcanic Center,Unknown,55.3519,-162.0445,1534
312030,Pavlof,2022 CE,55.417,-161.894,2493
312040,Pavlof Sister,Unknown,55.457,-161.854,2142
312050,Dana,1890 BCE,55.641,-161.214,1354
312055,Stepovak Bay Group,Unknown,55.917,-160.017,1633
312060,Kupreanof,Unknown,56.011,-159.797,1895
312070,Veniaminof,2021 CE,56.17,-159.38,2507
312080,Black Peak,1900 BCE,56.552,-158.785,1032
312090,Aniakchak,1931 CE,56.88,-158.17,1341
312100,Yantarni,800 BCE,57.019,-157.185,1345
312110,Chiginagak,1998 CE,57.135,-156.99,2221
312120,Kialagvik,Unknown,57.203,-156.745,1677
312130,Ugashik-Peulik,1814 CE,57.751,-156.368,1474
312131,Ukinrek Maars,1977 CE,57.8344,-156.5203,91
312132,Unnamed,Unknown,57.87,-155.411,402
312140,Martin,1953 CE,58.172,-155.361,1863
312150,Mageik,500 BCE,58.195,-155.253,2165
312160,Trident,1974 CE,58.236,-155.1,1864
312170,Katmai,1912 CE,58.279,-154.9533,2047
312180,Novarupta,1912 CE,58.2655,-155.1588,841
312190,Griggs,1790 BCE,58.354,-155.092,2317
312200,Snowy Mountain,1710 CE,58.336,-154.682,2162
312210,Denison,Unknown,58.418,-154.449,2287
312220,Steller,Unknown,58.43,-154.4,2272
312230,Kukak,Unknown,58.453,-154.355,2043
312250,Kaguyak,3850 BCE,58.6113,-154.0245,901
312260,Fourpeaked,2006 CE,58.77,-153.672,2105
312270,Douglas,Unknown,58.855,-153.542,2140
313010,Augustine,2006 CE,59.3626,-153.435,1218
313020,Iliamna,1876 CE,60.032,-153.09,3053
313030,Redoubt,2009 CE,60.485,-152.742,3108
313040,Spurr,1992 CE,61.299,-152.251,3374
313050,Hayes,1200 CE,61.64,-152.411,3034
314010,St. Paul Island,1280 BCE,57.167,-170.213,203
314030,Ingakslugwat Hills,Unknown,61.43,-164.47,190
314040,St. Michael,Unknown,63.45,-162.12,715
314060,Imuruk Lake,300 CE,65.517,-163.45,610
315001,Buzzard Creek,1050 BCE,64.0616,-148.4327,830
315020,Wrangell,1912 CE,62.006,-144.017,4278
315030,Churchill,847 CE,61.38,-141.75,5005
315040,Edgecumbe,2080 BCE,57.05,-135.75,970
315050,Duncan Canal,Unknown,56.5,-133.1,15
315060,Tlevak Strait-Suemez Island,Unknown,55.25,-133.3,50
315070,Behm Canal-Rudyerd Bay,Unknown,55.35,-131,500
320010,Fort Selkirk,Unknown,62.93,-137.38,1239
320020,Alligator Lake,Unknown,60.42,-135.42,2217
320030,Atlin Volcanic Field,Unknown,59.708,-133.358,1880
320031,Tuya Volcanic Field,Unknown,59.37,-130.58,2123
320040,Heart Peaks,Unknown,58.6,-131.97,2012
320050,Level Mountain,Unknown,58.42,-131.35,2164
320060,Edziza,950 CE,57.72,-130.63,2786
320070,Spectrum Range,Unknown,57.43,-130.68,2430
320080,Hoodoo Mountain,7050 BCE,56.78,-131.28,1850
320090,Iskut-Unuk River Cones,1800 CE,56.567,-130.75,1880
320100,Tseax River Cone,1690 CE,55.1109,-128.8991,612
320110,Crow Lagoon,Unknown,54.7,-130.23,335
320120,Milbanke Sound Group,Unknown,52.498,-128.723,233
320140,Nazko,5220 BCE,52.928,-123.732,1238
320150,Wells Gray-Clearwater,1550 CE,52.33,-120.57,2576
320160,Silverthrone,Unknown,51.5179,-126.1133,2860
320170,Bridge River Cones,Unknown,50.8,-123.4,2500
320180,Meager,410 BCE,50.63,-123.5,2680
320190,Garibaldi Lake,Unknown,49.933,-123,2316
320200,Garibaldi,8060 BCE,49.85,-123,2678
320811,Cayley Volcanic Field,Unknown,50.12,-123.28,2375
321010,Baker,1880 CE,48.777,-121.813,3285
321020,Glacier Peak,1700 CE,48.112,-121.113,3213
321030,Rainier,1450 CE,46.853,-121.76,4392
321040,Adams,950 CE,46.206,-121.49,3742
321050,St. Helens,2008 CE,46.2,-122.18,2549
321060,West Crater,5750 BCE,45.88,-122.08,1329
321070,Indian Heaven,6250 BCE,45.93,-121.82,1806
322010,Hood,1866 CE,45.374,-121.695,3426
322020,Jefferson,950 CE,44.674,-121.8,3199
322030,Blue Lake Crater,680 CE,44.4125,-121.7686,1136
322040,Sand Mountain Field,950 BCE,44.38,-121.93,1664
322060,Belknap,480 CE,44.285,-121.841,2095
322070,Three Sisters,439 CE,44.133,-121.767,3159
322090,Bachelor,5800 BCE,43.979,-121.688,2763
322100,Davis Lake,2790 BCE,43.57,-121.82,2163
322110,Newberry,690 CE,43.722,-121.229,2434
322120,Devils Garden,Unknown,43.512,-120.861,1698
322150,Cinnamon Butte,Unknown,43.2411,-122.1111,1958
322160,Crater Lake,2850 BCE,42.942,-122.107,2487
322170,Diamond Craters,5610 BCE,43.1,-118.75,1435
322190,Jordan Craters,1250 BCE,43.147,-117.46,1473
323010,Shasta,1250 CE,41.409,-122.193,4317
323020,Medicine Lake,1060 CE,41.611,-121.554,2412
323080,Lassen Volcanic Center,1917 CE,40.492,-121.508,3187
323100,Clear Lake Volcanic Field,Unknown,38.97,-122.77,1439
323110,Mono Lake Volcanic Field,1790 CE,38,-119.03,2121
323120,Mono-Inyo Craters,1380 CE,37.804,-119.029,2796
323150,Mammoth Mountain,1260 CE,37.631,-119.032,3369
323160,Ubehebe Craters,150 BCE,37.02,-117.45,752
323200,Salton Buttes,210 CE,33.197,-115.616,-40
324010,Black Butte Crater Lava Field,8400 BCE,43.183,-114.352,1478
324020,Craters of the Moon,130 BCE,43.371,-113.493,2005
324030,Wapi Lava Field,300 BCE,42.886,-113.216,1597
324040,Hell's Half Acre,3250 BCE,43.5,-112.45,1631
326010,Soda Lakes,Unknown,39.525,-118.8778,1251
327040,Markagunt Plateau,1050 CE,37.58,-112.67,2840
327050,Black Rock Desert,1290 CE,38.97,-112.5,1800
327110,Carrizozo,3250 BCE,33.78,-105.93,1731
327120,Zuni-Bandera,1170 BCE,34.8,-108,2550
327812,Red Hill,9450 BCE,34.25,-108.83,2300
328010,Dotsero,2200 BCE,39.6613,-107.0355,2230
329010,Uinkaret Field,1100 CE,36.38,-113.13,1555
329020,San Francisco Volcanic Field,1075 CE,35.347,-111.678,3850
331005,West Valley Segment,Unknown,48.78,-128.64,-2550
331010,Endeavour Segment,3490 BCE,47.95,-129.1,-2050
331011,Cobb Segment,1180 BCE,46.88,-129.33,-2100
331020,CoAxial Segment,1993 CE,46.52,-129.58,-2400
331021,Axial Seamount,2015 CE,45.95,-130,-1410
331030,Cleft Segment,1986 CE,44.83,-130.3,-2140
331031,North Gorda Ridge Segment,1996 CE,42.67,-126.78,-3000
331032,Jackson Segment,Unknown,42.15,-127.05,-3100
331040,Escanaba Segment,2260 BCE,40.98,-127.5,-1700
331060,East Blanco Depression,Unknown,44.267,-129.879,-3000
332000,Kama'ehuakanaloa,1996 CE,18.92,-155.27,-975
332010,Kilauea,2024 CE,19.421,-155.287,1222
332020,Mauna Loa,2022 CE,19.475,-155.608,4170
332030,Mauna Kea,2460 BCE,19.82,-155.47,4205
332040,Hualalai,1801 CE,19.692,-155.87,2523
332060,Haleakala,1750 CE,20.708,-156.25,3055
333010,Teahitia,1985 CE,-17.564,-148.821,-1743
333020,Rocard,1972 CE,-17.662,-148.586,-2515
333030,Moua Pihaa,1970 CE,-18.325,-148.525,-312
333040,Mehetia,Unknown,-17.874,-148.068,389
333050,Adams Seamount,50 BCE,-25.37,-129.27,-39
333060,Macdonald,1989 CE,-28.98,-140.25,-39
334020,Northern EPR at 17°N,50 BCE,16.55,-105.32,-2700
334021,Northern EPR at 16°N,50 BCE,15.83,-105.43,-2300
334040,Northern EPR at 10.7°N,2003 CE,10.73,-103.58,-2900
334050,Northern EPR at 9.8°N,2006 CE,9.83,-104.3,-2500
334070,Galapagos Rift,1996 CE,0.792,-86.15,-2430
334100,Southern EPR at 8°S,1969 CE,-8.27,-107.95,-2800
334120,Southern EPR at 17.5°S (Segment K),1990 CE,-17.436,-113.206,-2566
334130,Southern EPR at 18.2°S (Segment J),1890 CE,-18.175,-113.35,-2650
334140,Southern EPR at 18.5°S (Segment I),1915 CE,-18.53,-113.42,-2600
335020,Hollister Ridge,Unknown,-53.998,-139.845,-1000
335030,Udintsev Transform,Unknown,-56.153,-143.373,-5700
341000,Prieto Cerro,Unknown,32.418,-115.305,223
341001,Pinacate,Unknown,31.85,-113.5,1183
341003,San Luis Isla,Unknown,29.97,-114.4,180
341004,Jaraguay Volcanic Field,Unknown,29.33,-114.5,960
341005,Coronado,Unknown,29.08,-113.513,440
341007,San Borja Volcanic Field,Unknown,28.5,-113.75,1360
341011,Tortuga Isla,Unknown,27.438,-111.881,224
341012,Comondu-La Purisima,Unknown,26,-111.92,780
341020,Barcena,1953 CE,19.3,-110.82,332
341021,Socorro,1994 CE,18.78,-110.95,1050
341022,Durango Volcanic Field,Unknown,24.15,-104.45,2075
341024,Sanganguey,Unknown,21.45,-104.73,2340
341030,Ceboruco,1875 CE,21.125,-104.508,2280
341031,Mascota Volcanic Field,Unknown,20.567,-104.817,2525
341040,Colima,2019 CE,19.514,-103.62,3850
341060,Michoacan-Guanajuato,1952 CE,19.85,-101.75,3860
341061,Zitacuaro-Valle de Bravo,3050 BCE,19.4,-100.25,3500
341062,Jocotitlan,1270 CE,19.73,-99.758,3900
341070,Toluca Nevado de,1350 BCE,19.108,-99.758,4680
341080,Chichinautzin,399 CE,19.139,-99.16,3938
341082,Iztaccihuatl,Unknown,19.179,-98.642,5230
341090,Popocatepetl,2024 CE,19.023,-98.622,5393
341091,Malinche La,1170 BCE,19.231,-98.032,4461
341092,Serdan-Oriental,Unknown,19.27,-97.47,3485
341093,Humeros Los,4470 BCE,19.68,-97.45,3150
341094,Atlixcos Los,Unknown,19.81,-96.527,775
341095,Naolinco Volcanic Field,1200 BCE,19.67,-96.75,2000
341096,Cofre de Perote,1150 CE,19.492,-97.15,4282
341097,Gloria La,Unknown,19.33,-97.25,3500
341098,Cumbres  Las,3920 BCE,19.15,-97.27,3940
341100,Orizaba Pico de,1846 CE,19.03,-97.27,5564
341110,San Martin,1796 CE,18.57,-95.2,1650
341120,Chichon El,1982 CE,17.3602,-93.2297,1150
341130,Tacana,1986 CE,15.132,-92.109,4064
342020,Tajumulco,Unknown,15.043,-91.903,4203
342030,Santa Maria,2024 CE,14.757,-91.552,3745
342040,Almolonga,1818 CE,14.797,-91.519,3173
342060,Atitlan,1853 CE,14.583,-91.186,3535
342070,Toliman,Unknown,14.612,-91.189,3158
342080,Acatenango,1972 CE,14.501,-90.876,3976
342090,Fuego,2024 CE,14.473,-90.88,3763
342100,Agua,Unknown,14.465,-90.743,3760
342110,Pacaya,2021 CE,14.382,-90.601,2569
342111,Cuilapa-Barbarena,Unknown,14.33,-90.4,1454
342120,Tecuamburro,960 BCE,14.156,-90.407,1845
342121,Jumaytepeque,Unknown,14.34,-90.271,1802
342130,Moyuta,Unknown,14.03,-90.1,1662
342140,Flores,Unknown,14.308,-89.992,1600
342141,Tahual,Unknown,14.43,-89.9,1716
342150,Santiago Cerro,Unknown,14.33,-89.87,1192
342160,Suchitan,Unknown,14.4,-89.78,2042
342170,Chingo,Unknown,14.12,-89.73,1775
342180,Ixtepeque,Unknown,14.42,-89.68,1292
343001,San Diego,Unknown,14.27,-89.48,781
343002,Singuil Cerro,Unknown,14.054,-89.631,926
343010,Apaneca Range,Unknown,13.872,-89.742,2028
343020,Santa Ana,2005 CE,13.853,-89.63,2381
343030,Izalco,1966 CE,13.813,-89.633,1950
343041,Coatepeque Caldera,Unknown,13.87,-89.55,746
343050,San Salvador,1917 CE,13.734,-89.294,1893
343051,Cinotepeque Cerro,Unknown,14.02,-89.25,665
343052,Guazapa,Unknown,13.9,-89.12,1438
343060,Ilopango,1880 CE,13.672,-89.053,450
343070,San Vicente,Unknown,13.595,-88.837,2182
343071,Apastepeque Field,Unknown,13.72,-88.77,700
343072,Taburete,Unknown,13.435,-88.532,1172
343080,Tecapa,Unknown,13.494,-88.502,1593
343081,Usulutan,Unknown,13.419,-88.471,1449
343082,Tigre El,Unknown,13.47,-88.43,1640
343090,Chinameca,Unknown,13.478,-88.33,1300
343100,San Miguel,2023 CE,13.434,-88.269,2130
343101,Aramuaca Laguna,Unknown,13.428,-88.105,181
343130,Tigre Isla del,Unknown,13.274,-87.639,774
343140,Zacate Grande Isla,Unknown,13.33,-87.63,640
343150,Yojoa Lago,7638 BCE,14.964,-87.983,1060
344010,Cosiguina,1859 CE,12.98,-87.57,872
344020,San Cristobal,2023 CE,12.702,-87.004,1745
344040,Telica,2022 CE,12.606,-86.84,1036
344070,Negro Cerro,1999 CE,12.506,-86.702,728
344080,Las Pilas-El Hoyo Complex,1954 CE,12.4922,-86.6786,1088
344090,Momotombo,2016 CE,12.423,-86.539,1270
344091,Apoyeque,50 BCE,12.242,-86.342,518
344092,Nejapa-Miraflores,1060 CE,12.12,-86.32,360
344100,Masaya,2024 CE,11.9844,-86.1688,594
344101,Granada,Unknown,11.9,-85.979,250
344110,Mombacho,Unknown,11.826,-85.968,1344
344111,Zapatera,Unknown,11.73,-85.82,629
344120,Concepcion,2024 CE,11.538,-85.622,1700
345010,Orosi,Unknown,10.98,-85.473,1659
345020,Rincon de la Vieja,2024 CE,10.83,-85.324,1916
345030,Miravalles,1946 CE,10.748,-85.153,2028
345031,Tenorio,Unknown,10.673,-85.015,1916
345033,Arenal,2010 CE,10.463,-84.703,1670
345034,Platanar,Unknown,10.3,-84.366,2267
345040,Poas,2024 CE,10.2,-84.233,2697
345050,Barva,6050 BCE,10.135,-84.1,2906
345060,Irazu,1977 CE,9.979,-83.852,3436
345070,Turrialba,2022 CE,10.025,-83.767,3340
346010,Baru,1550 CE,8.808,-82.543,3474
351011,Romeral,5390 BCE,5.203,-75.363,3769
351012,Bravo Cerro,1720 CE,5.091,-75.293,3985
351020,Ruiz Nevado del,2024 CE,4.892,-75.324,5279
351021,Santa Isabel,850 BCE,4.818,-75.365,4944
351030,Tolima Nevado del,1943 CE,4.658,-75.33,5215
351040,Machin,1180 CE,4.487,-75.389,2749
351050,Huila Nevado del,2012 CE,2.93,-76.03,5364
351060,Purace,2023 CE,2.32,-76.4,4650
351061,Sotara,Unknown,2.108,-76.592,4400
351070,Dona Juana,1906 CE,1.5,-76.936,4137
351080,Galeras,2014 CE,1.22,-77.37,4276
351090,Azufral,930 BCE,1.08,-77.68,4070
351100,Cumbal,1926 CE,0.95,-77.87,4764
351110,Chiles-Cerro Negro,1936 CE,0.817,-77.938,4698
352001,Soche,6650 BCE,0.552,-77.58,3955
352002,Chachimbiro,3740 BCE,0.468,-78.287,4106
352003,Cuicocha,650 CE,0.308,-78.364,3246
352004,Imbabura,5550 BCE,0.258,-78.183,4609
352005,Mojanda,Unknown,0.13,-78.27,4263
352006,Cayambe,1786 CE,0.029,-77.986,5790
352010,Reventador,2024 CE,-0.077,-77.656,3562
352011,Pululahua,290 CE,0.0464,-78.49,3360
352020,Guagua Pichincha,2002 CE,-0.171,-78.598,4784
352021,Atacazo,320 BCE,-0.353,-78.617,4463
352022,Chacana,1773 CE,-0.375,-78.25,4643
352030,Antisana,1802 CE,-0.481,-78.141,5753
352031,Aliso,2450 BCE,-0.53,-78,4267
352040,Sumaco,1895 CE,-0.538,-77.626,3990
352041,Iliniza,Unknown,-0.662,-78.716,5162
352050,Cotopaxi,2023 CE,-0.677,-78.436,5911
352060,Quilotoa,1280 CE,-0.8592,-78.9044,3914
352071,Chimborazo,550 CE,-1.469,-78.817,6261
352080,Tungurahua,2016 CE,-1.467,-78.442,5023
352081,Licto,Unknown,-1.786,-78.614,3322
352090,Sangay,2024 CE,-2.005,-78.341,5286
353010,Fernandina,2024 CE,-0.37,-91.55,1476
353011,Ecuador,1150 CE,-0.02,-91.546,790
353020,Wolf,2022 CE,0.02,-91.35,1710
353030,Darwin,1813 CE,-0.18,-91.28,1330
353040,Alcedo,1993 CE,-0.43,-91.12,1130
353050,Negra Sierra,2018 CE,-0.83,-91.17,1124
353060,Azul Cerro,2008 CE,-0.92,-91.408,1640
353070,Pinta,1928 CE,0.58,-90.75,780
353080,Marchena,1991 CE,0.33,-90.47,343
353081,Genovesa,Unknown,0.32,-89.958,64
353090,Santiago,1906 CE,-0.22,-90.77,920
353091,Santa Cruz,Unknown,-0.62,-90.33,864
353120,San Cristobal,Unknown,-0.88,-89.5,759
354000,Kimsachata-Oroscocha,4450 BCE,-14.131,-71.363,3848
354001,Auquihuato Cerro,Unknown,-15.07,-73.18,4980
354002,Sara Sara,Unknown,-15.33,-73.45,5522
354003,Coropuna,Unknown,-15.52,-72.65,6377
354004,Andahua-Orcopampa,1490 CE,-15.42,-72.33,4713
354005,Huambo,700 BCE,-15.78,-72.08,4554
354006,Sabancaya,2024 CE,-15.787,-71.857,5960
354007,Chachani Nevado,Unknown,-16.191,-71.53,6057
354010,Misti El,1985 CE,-16.294,-71.409,5822
354020,Ubinas,2024 CE,-16.345,-70.8972,5608
354030,Huaynaputina,1600 CE,-16.6144,-70.8542,4679
354031,Ticsani,1800 CE,-16.7586,-70.5981,5382
354040,Tutupaca,1802 CE,-17.026,-70.372,5801
354050,Yucamane,1320 BCE,-17.184,-70.196,5495
354060,Casiri Nevados,Unknown,-17.4852,-69.7886,5626
355010,Tacora,Unknown,-17.7209,-69.7728,5960
355011,Taapaca,320 BCE,-18.1,-69.5,5860
355012,Parinacota,290 CE,-18.166,-69.142,6336
355020,Guallatiri,1960 CE,-18.42,-69.092,6071
355030,Isluga,1913 CE,-19.15,-68.83,5550
355032,Tata Sabaya,Unknown,-19.13,-68.53,5430
355040,Irruputuncu,1995 CE,-20.73,-68.55,5163
355050,Olca-Paruma,Unknown,-20.939,-68.413,5705
355090,Putana,1810 CE,-22.557,-67.853,5884
355091,Sairecabur,Unknown,-22.719,-67.891,5961
355092,Licancabur,Unknown,-22.83,-67.88,5916
355093,Guayaques,Unknown,-22.895,-67.566,5598
355094,Purico Complex,Unknown,-23,-67.75,5703
355095,Colachi,Unknown,-23.236,-67.645,5631
355096,Acamarachi,Unknown,-23.292,-67.618,6023
355098,Chiliques,Unknown,-23.58,-67.7,5778
355100,Lascar,2023 CE,-23.37,-67.73,5592
355101,Cordon de Puntas Negras,Unknown,-23.743,-67.534,5852
355102,Miniques,Unknown,-23.82,-67.77,5910
355103,Tujle Cerro,Unknown,-23.83,-67.95,3550
355104,Caichinque,Unknown,-23.949,-67.74,4458
355105,Tilocalar,Unknown,-23.97,-68.13,3109
355107,Pular,Unknown,-24.188,-68.054,6233
355108,Negrillar La,Unknown,-24.319,-68.59,4220
355109,Socompa,5250 BCE,-24.396,-68.246,6031
355110,Llullaillaco,1877 CE,-24.72,-68.53,6739
355112,Corrida de Cori Volcanic Field,Unknown,-25.083,-68.367,5451
355120,Lastarria,Unknown,-25.168,-68.507,5706
355121,Cordon del Azufre,Unknown,-25.336,-68.521,5481
355122,Bayo Gorbea Cerro,Unknown,-25.414,-68.588,5413
355123,Nevada Sierra,Unknown,-26.48,-68.58,6173
355124,Falso Azufre,Unknown,-26.8,-68.37,5906
355125,Incahuasi Nevado de,Unknown,-27.033,-68.296,6638
355130,Ojos del Salado Nevados,750 CE,-27.109,-68.541,6879
355131,Solo El,Unknown,-27.105,-68.713,6205
355150,Tuzgle,Unknown,-24.05,-66.48,5486
355160,Aracar,Unknown,-24.29,-67.783,6095
355161,Unnamed,Unknown,-25.078,-68.266,4652
355180,Antofagasta Volcanic Field,Unknown,-26.12,-67.4,3495
355190,Condor El,Unknown,-26.632,-68.361,6373
355200,Peinado,Unknown,-26.623,-68.116,5741
355210,Blanco Cerro,2300 BCE,-26.7657,-67.746,4670
355220,Tipas,Unknown,-27.196,-68.561,6658
356011,Rapa Nui,Unknown,-27.114,-109.356,501
357010,Tupungatito,1987 CE,-33.425,-69.797,5660
357020,San Jose,1960 CE,-33.789,-69.895,6070
357021,Maipo,1912 CE,-34.164,-69.832,5323
357022,Palomo,Unknown,-34.608,-70.295,4860
357023,Atuel Caldera del,Unknown,-34.592,-69.921,5189
357024,Risco Plateado,Unknown,-34.917,-69.981,4999
357030,Tinguiririca,1917 CE,-34.814,-70.352,4280
357040,Planchon-Peteroa,2019 CE,-35.223,-70.568,3977
357041,Infiernillo,6890 BCE,-35.123,-69.9,3007
357042,Calabozos,Unknown,-35.558,-70.496,3508
357050,Descabezado Grande,1933 CE,-35.58,-70.75,3953
357060,Azul Cerro,1967 CE,-35.653,-70.761,3788
357061,Maule Laguna del,50 BCE,-36.058,-70.492,2162
357062,San Pedro-Pellado,Unknown,-35.989,-70.849,3621
357063,Longavi Nevado de,4890 BCE,-36.1959,-71.1641,3175
357064,Blancas Lomas,Unknown,-36.286,-71.009,2268
357065,Resago Volcan,Unknown,-36.4606,-70.9033,1890
357066,Payun Matru,5050 BCE,-36.422,-69.241,3715
357070,Chillan Nevados de,2022 CE,-36.868,-71.378,3180
357072,Tromen Volcanic Plateau,1822 CE,-37.144,-70.033,4114
357080,Antuco,1869 CE,-37.406,-71.349,2979
357090,Copahue,2021 CE,-37.856,-71.183,2953
357091,Callaqui,1980 CE,-37.92,-71.45,3164
357093,Tolhuaca,4000 BCE,-38.31,-71.645,2739
357100,Lonquimay,1990 CE,-38.379,-71.586,2832
357102,Blanca Laguna,Unknown,-39.02,-70.37,1700
357110,Llaima,2009 CE,-38.692,-71.729,3125
357111,Sollipulli,1240 CE,-38.97,-71.52,2282
357112,Caburgua-Huelemolle,5050 BCE,-39.25,-71.75,1652
357120,Villarrica,2024 CE,-39.42,-71.93,2847
357121,Quetrupillan,255 CE,-39.496,-71.722,2360
357122,Lanin,560 CE,-39.637,-71.502,3776
357123,Huanquihue Group,1750 CE,-39.887,-71.58,2189
357130,Mocho-Choshuenco,1937 CE,-39.927,-72.027,2422
357140,Carran-Los Venados,1979 CE,-40.35,-72.07,1114
357150,Puyehue-Cordon Caulle,2012 CE,-40.59,-72.117,2236
357153,Antillanca Volcanic Complex,230 BCE,-40.783,-72.15,1979
357160,Puntiagudo-Cordon Cenizos,1850 CE,-40.969,-72.264,2493
358010,Osorno,1869 CE,-41.105,-72.496,2659
358011,Tronador,Unknown,-41.157,-71.885,3478
358012,Cayutue-La Vigueria,190 BCE,-41.3,-72.27,506
358020,Calbuco,2015 CE,-41.33,-72.618,1974
358022,Yate,1090 CE,-41.755,-72.396,2187
358023,Hornopiren,340 CE,-41.874,-72.431,1572
358024,Apagado,590 BCE,-41.88,-72.58,1210
358025,Crater Basalt Volcanic Field,Unknown,-42.018,-70.194,1344
358030,Huequi,1920 CE,-42.377,-72.578,1318
358040,Michinmahuida,1835 CE,-42.799,-72.445,2452
358041,Chaiten,2011 CE,-42.8349,-72.6514,1122
358049,Yanteles,6650 BCE,-43.469,-72.782,1790
358050,Corcovado,4920 BCE,-43.189,-72.794,1826
358052,Melimoyu,200 CE,-44.08,-72.88,2400
358053,Puyuhuapi,Unknown,-44.3,-72.53,524
358054,Mentolat,1710 CE,-44.7,-73.08,1660
358055,Cay,Unknown,-45.059,-72.984,2090
358056,Maca,1560 CE,-45.1,-73.17,2960
358057,Hudson Cerro,2011 CE,-45.9,-72.97,1905
358060,Lautaro,1979 CE,-49.019,-73.504,3542
358062,Aguilera,1253 BCE,-50.33,-73.75,2546
358063,Reclus,1908 CE,-50.9395,-73.5802,1403
358064,Meullin,Unknown,-45.22,-73.05,1080
358070,Burney Monte,1910 CE,-52.33,-73.4,1758
358080,Pali-Aike Volcanic Field,5550 BCE,-52.082,-69.698,282
358090,Fueguino,1820 CE,-54.97,-70.262,157
360010,Saba,1640 CE,17.63,-63.23,887
360020,Quill The,250 CE,17.478,-62.96,601
360030,Liamuiga,160 CE,17.37,-62.8,1156
360040,Nevis Peak,Unknown,17.15,-62.58,985
360050,Soufriere Hills,2013 CE,16.72,-62.18,915
360060,Soufriere Guadeloupe,1977 CE,16.044,-61.664,1467
360080,Diables Morne aux,Unknown,15.612,-61.43,861
360090,Diablotins Morne,Unknown,15.503,-61.397,1430
360100,Trois Pitons Morne,920 CE,15.37,-61.33,1387
360101,Watt Morne,1997 CE,15.307,-61.305,1224
360110,Plat Pays Morne,1270 CE,15.255,-61.341,940
360120,Pelee,1932 CE,14.809,-61.166,1372
360140,Qualibou,1766 CE,13.83,-61.05,777
360150,Soufriere St. Vincent,2021 CE,13.33,-61.18,1220
360160,Kick 'em Jenny,2017 CE,12.3,-61.64,-185
360170,St. Catherine,Unknown,12.15,-61.67,840
370010,Snaefellsjokull,200 CE,64.8,-23.783,1446
370020,Helgrindur,Unknown,64.866,-23.283,986
370030,Ljosufjoll,960 CE,64.9,-22.483,1063
371020,Reykjanes,2024 CE,63.817,-22.717,140
371022,Eldey,1926 CE,63.733,-23,70
371030,Krysuvik-Trolladyngja,1340 CE,63.917,-22.067,360
371032,Fagradalsfjall,2023 CE,63.895,-22.258,250
371040,Brennisteinsfjoll,1341 CE,63.933,-21.783,610
371050,Hengill,150 CE,64.083,-21.416,803
371051,Hromundartindur,Unknown,64.083,-21.333,550
371060,Grimsnes,3500 BCE,64.05,-20.883,200
371070,Prestahnukur,3350 BCE,64.583,-20.666,1385
371080,Oddnyjarhnjukur-Langjokull,950 CE,64.85,-19.7,1100
371090,Hofsjokull,Unknown,64.833,-18.766,1765
372010,Vestmannaeyjar,1973 CE,63.416,-20.266,283
372020,Eyjafjallajokull,2010 CE,63.633,-19.633,1651
372030,Katla,1918 CE,63.633,-19.083,1490
372040,Tindfjallajokull,Unknown,63.783,-19.716,1464
372050,Torfajokull,1477 CE,63.892,-19.122,1280
372070,Hekla,2000 CE,63.983,-19.666,1490
373010,Grimsvotn,2011 CE,64.416,-17.316,1719
373012,Thordarhyrna,1904 CE,64.267,-17.617,1650
373030,Bardarbunga,2015 CE,64.633,-17.516,2000
373040,Tungnafellsjokull,Unknown,64.75,-17.916,1523
373050,Kverkfjoll,1968 CE,64.653,-16.647,1930
373060,Askja,1961 CE,65.033,-16.783,1080
373070,Fremrinamar,1200 BCE,65.416,-16.666,970
373080,Krafla,1984 CE,65.715,-16.728,800
373082,Heidarspordar,300 BCE,65.583,-16.817,490
373090,Theistareykir,900 BCE,65.883,-16.967,563
373100,Tjornes Fracture Zone,1868 CE,66.309,-17.118,-75
374010,Oraefajokull,1728 CE,64,-16.65,2010
374020,Esjufjoll,Unknown,64.25,-16.583,1620
374801,Snaefell,Unknown,64.798,-15.56,1833
375010,Kolbeinsey Ridge,1755 CE,66.67,-18.5,5
376010,Jan Mayen,1985 CE,71.082,-8.155,2197
377020,East Gakkel Ridge at 85°E,1999 CE,85.608,85.25,-3800
381040,Pico Fracture Zone,1865 CE,38.75,-38.08,-4200
382001,Flores,950 BCE,39.462,-31.216,914
382010,Fayal,1958 CE,38.576,-28.713,1041
382020,Pico,1720 CE,38.47,-28.4,2351
382030,Sao Jorge,1902 CE,38.65,-28.08,1053
382040,Graciosa,1950 BCE,39.02,-27.97,402
382050,Terceira,2000 CE,38.73,-27.32,1023
382070,Don Joao de Castro Bank,1720 CE,38.23,-26.63,-13
382080,Sete Cidades,1880 CE,37.865,-25.785,842
382081,Picos Fissural Volcanic System,1652 CE,37.78,-25.67,350
382090,Agua de Pau,1564 CE,37.77,-25.47,947
382100,Furnas,1630 CE,37.77,-25.32,805
382110,Monaco Bank,1911 CE,37.6,-25.88,-197
382120,Madeira,4500 BCE,32.73,-16.97,1862
383010,La Palma,2021 CE,28.57,-17.83,2426
383020,Hierro,2012 CE,27.73,-18.03,1500
383030,Tenerife,1909 CE,28.271,-16.641,3715
383040,Gran Canaria,40 CE,28,-15.58,1950
383050,Fuerteventura,Unknown,28.358,-14.02,529
383060,Lanzarote,1824 CE,29.03,-13.63,670
384010,Fogo,2015 CE,14.95,-24.35,2829
384020,Brava,Unknown,14.8514,-24.7041,956
385030,Romanche Fracture Zone,Unknown,-0.433,-19.596,-1528
385050,Ascension,1508 CE,-7.95,-14.37,858
385052,Walvis Ridge at 33°S,2002 CE,-32.958,-5.22,-1200
386010,Tristan da Cunha,1962 CE,-37.092,-12.28,2060
386011,Nightingale Island,2004 CE,-37.42,-12.48,365
386020,Bouvet,50 BCE,-54.408,3.351,741
390010,Buckle Island,1899 CE,-66.78,163.25,1239
390011,Young Island,Unknown,-66.42,162.47,1340
390012,Sturge Island,Unknown,-67.4,164.83,1167
390013,Pleiades The,1050 BCE,-72.67,165.5,3040
390015,Melbourne,1892 CE,-74.35,164.7,2732
390016,Unnamed,Unknown,-76.83,163,-500
390017,Morning,Unknown,-78.5,163.53,2723
390020,Erebus,2024 CE,-77.53,167.17,3794
390021,Royal Society Range,Unknown,-78.25,163.33,3000
390022,Berlin,8350 BCE,-76.05,-136,3478
390023,Andrus,Unknown,-75.8,-132.33,2978
390027,Takahe,5550 BCE,-76.28,-112.08,3460
390028,Hudson Mountains,207 BCE,-74.33,-99.42,749
390030,Deception Island,1970 CE,-62.9567,-60.6367,602
390031,Penguin Island,1905 CE,-62.1,-57.93,180
390040,Bridgeman Island,Unknown,-62.063,-56.713,240
390041,Paulet,Unknown,-63.579,-55.78,353
390070,Southern Thule,1975 CE,-59.442,-27.225,1075
390080,Bristol Island,2016 CE,-59.017,-26.533,1100
390081,Montagu Island,2007 CE,-58.445,-26.374,1370
390090,Saunders,2024 CE,-57.8,-26.483,843
390100,Candlemas Island,1911 CE,-57.08,-26.67,550
390110,Hodson,Unknown,-56.712,-27.176,835
390120,Leskov Island,Unknown,-56.656,-28.14,190
390130,Zavodovski,2016 CE,-56.3,-27.57,551
390140,Protector Seamounts,1962 CE,-55.912,-28.167,-55
390829,Mount Haddington Volcanic Field,Unknown,-64.15,-57.75,1630
390847,Melville,Unknown,-62.02,-57.67,549
